Geração;Fitness;
0;39236,884898455035;
0;34730,315593335516;
1;33956,596246330126;
2;33956,596246330126;
3;33956,596246330126;
4;33956,596246330126;
5;33956,596246330126;
6;33732,829710922146;
7;33600,561458470715;
8;33600,561458470715;
9;33600,561458470715;
10;33600,561458470715;
11;33600,561458470715;
12;33600,561458470715;
13;33600,561458470715;
14;33600,561458470715;
15;33600,561458470715;
16;33600,561458470715;
17;33600,561458470715;
18;33600,561458470715;
19;33600,561458470715;
20;33600,561458470715;
21;33600,561458470715;
22;33600,561458470715;
23;33600,561458470715;
24;33600,561458470715;
25;33600,561458470715;
26;33600,561458470715;
27;33600,561458470715;
28;33600,561458470715;
29;33600,561458470715;
30;33600,561458470715;
31;33600,561458470715;
32;33600,561458470715;
33;33600,561458470715;
34;33600,561458470715;
35;33600,561458470715;
36;33600,561458470715;
37;33600,561458470715;
38;33600,561458470715;
39;33600,561458470715;
40;33600,561458470715;
41;33600,561458470715;
42;33600,561458470715;
43;33600,561458470715;
44;33600,561458470715;
45;33600,561458470715;
46;33600,561458470715;
47;33600,561458470715;
48;33600,561458470715;
49;33600,561458470715;
50;33600,561458470715;
51;33600,561458470715;
52;33600,561458470715;
53;33600,561458470715;
54;33600,561458470715;
55;33600,561458470715;
56;33600,561458470715;
57;33600,561458470715;
58;33600,561458470715;
59;33600,561458470715;
60;33600,561458470715;
61;33600,561458470715;
62;33600,561458470715;
63;33600,561458470715;
64;33600,561458470715;
65;33600,561458470715;
66;33600,561458470715;
67;33600,561458470715;
68;33600,561458470715;
69;33600,561458470715;
70;33600,561458470715;
71;33600,561458470715;
72;33600,561458470715;
73;33600,561458470715;
74;33600,561458470715;
75;33600,561458470715;
76;33600,561458470715;
77;33600,561458470715;
78;33600,561458470715;
79;33600,561458470715;
80;33600,561458470715;
81;33600,561458470715;
82;33600,561458470715;
83;33600,561458470715;
84;33600,561458470715;
85;33600,561458470715;
86;33600,561458470715;
87;33600,561458470715;
88;33600,561458470715;
89;33600,561458470715;
90;33600,561458470715;
91;33600,561458470715;
92;33600,561458470715;
93;33600,561458470715;
94;33600,561458470715;
95;33600,561458470715;
96;33600,561458470715;
97;33600,561458470715;
98;33600,561458470715;
99;33600,561458470715;
100;33600,561458470715;
101;33600,561458470715;
102;33600,561458470715;
103;33600,561458470715;
104;33600,561458470715;
105;33600,561458470715;
106;33600,561458470715;
107;33600,561458470715;
108;33600,561458470715;
109;33600,561458470715;
110;33600,561458470715;
111;33600,561458470715;
112;33600,561458470715;
113;33600,561458470715;
114;33600,561458470715;
115;33600,561458470715;
116;33600,561458470715;
117;33600,561458470715;
118;33600,561458470715;
119;33600,561458470715;
120;33600,561458470715;
121;33600,561458470715;
122;33600,561458470715;
123;33600,561458470715;
124;33600,561458470715;
125;33600,561458470715;
126;33600,561458470715;
127;33600,561458470715;
128;33600,561458470715;
129;33600,561458470715;
130;33600,561458470715;
131;33600,561458470715;
132;33600,561458470715;
133;33600,561458470715;
134;33600,561458470715;
135;33600,561458470715;
136;33600,561458470715;
137;33600,561458470715;
138;33600,561458470715;
139;33600,561458470715;
140;33600,561458470715;
141;33600,561458470715;
142;33600,561458470715;
143;33600,561458470715;
144;33600,561458470715;
145;33600,561458470715;
146;33600,561458470715;
147;33600,561458470715;
148;33600,561458470715;
149;33600,561458470715;
150;33600,561458470715;
151;33600,561458470715;
152;33600,561458470715;
153;33600,561458470715;
154;33600,561458470715;
155;33600,561458470715;
156;33600,561458470715;
157;33600,561458470715;
158;33600,561458470715;
159;33600,561458470715;
160;33600,561458470715;
161;33600,561458470715;
162;33600,561458470715;
163;33600,561458470715;
164;33600,561458470715;
165;33600,561458470715;
166;33600,561458470715;
167;33600,561458470715;
168;33600,561458470715;
169;33600,561458470715;
170;33600,561458470715;
171;33600,561458470715;
172;33600,561458470715;
173;33600,561458470715;
174;33600,561458470715;
175;33600,561458470715;
176;33600,561458470715;
177;33600,561458470715;
178;33600,561458470715;
179;33600,561458470715;
180;33600,561458470715;
181;33600,561458470715;
182;33600,561458470715;
183;33600,561458470715;
184;33600,561458470715;
185;33600,561458470715;
186;33600,561458470715;
187;33600,561458470715;
188;33600,561458470715;
189;33600,561458470715;
190;33600,561458470715;
191;33600,561458470715;
192;33600,561458470715;
193;33600,561458470715;
194;33600,561458470715;
195;33600,561458470715;
196;33600,561458470715;
197;33600,561458470715;
198;33600,561458470715;
199;33600,561458470715;
200;33600,561458470715;
201;33600,561458470715;
202;33600,561458470715;
203;33600,561458470715;
204;33600,561458470715;
205;33600,561458470715;
206;33600,561458470715;
207;33600,561458470715;
208;33600,561458470715;
209;33600,561458470715;
210;33600,561458470715;
211;33600,561458470715;
212;33600,561458470715;
213;33600,561458470715;
214;33600,561458470715;
215;33600,561458470715;
216;33600,561458470715;
217;33600,561458470715;
218;33600,561458470715;
219;33600,561458470715;
220;33600,561458470715;
221;33600,561458470715;
222;33600,561458470715;
223;33600,561458470715;
224;33600,561458470715;
225;33600,561458470715;
226;33600,561458470715;
227;33600,561458470715;
228;33600,561458470715;
229;33600,561458470715;
230;33600,561458470715;
231;33600,561458470715;
232;33600,561458470715;
233;33600,561458470715;
234;33600,561458470715;
235;33600,561458470715;
236;33600,561458470715;
237;33600,561458470715;
238;33600,561458470715;
239;33600,561458470715;
240;33600,561458470715;
241;33600,561458470715;
242;33600,561458470715;
243;33600,561458470715;
244;33600,561458470715;
245;33600,561458470715;
246;33600,561458470715;
247;33600,561458470715;
248;33600,561458470715;
249;33600,561458470715;
250;33600,561458470715;
251;33600,561458470715;
252;33600,561458470715;
253;33600,561458470715;
254;33600,561458470715;
255;33600,561458470715;
256;33600,561458470715;
257;33600,561458470715;
258;33600,561458470715;
259;33600,561458470715;
260;33600,561458470715;
261;33600,561458470715;
262;33600,561458470715;
263;33600,561458470715;
264;33600,561458470715;
265;33600,561458470715;
266;33600,561458470715;
267;33600,561458470715;
268;33600,561458470715;
269;33600,561458470715;
270;33600,561458470715;
271;33600,561458470715;
272;33600,561458470715;
273;33600,561458470715;
274;33600,561458470715;
275;33600,561458470715;
276;33600,561458470715;
277;33600,561458470715;
278;33600,561458470715;
279;33600,561458470715;
280;33600,561458470715;
281;33600,561458470715;
282;33600,561458470715;
283;33600,561458470715;
284;33600,561458470715;
285;33600,561458470715;
286;33600,561458470715;
287;33600,561458470715;
288;33600,561458470715;
289;33600,561458470715;
290;33600,561458470715;
291;33600,561458470715;
292;33600,561458470715;
293;33600,561458470715;
294;33600,561458470715;
295;33600,561458470715;
296;33600,561458470715;
297;33600,561458470715;
298;33600,561458470715;
299;33600,561458470715;
300;33600,561458470715;
301;33600,561458470715;
302;33600,561458470715;
303;33600,561458470715;
304;33600,561458470715;
305;33600,561458470715;
306;33600,561458470715;
307;33600,561458470715;
308;33600,561458470715;
309;33600,561458470715;
310;33600,561458470715;
311;33600,561458470715;
312;33600,561458470715;
313;33600,561458470715;
314;33600,561458470715;
315;33600,561458470715;
316;33600,561458470715;
317;33600,561458470715;
318;33600,561458470715;
319;33600,561458470715;
320;33600,561458470715;
321;33600,561458470715;
322;33600,561458470715;
323;33600,561458470715;
324;33600,561458470715;
325;33600,561458470715;
326;33600,561458470715;
327;33600,561458470715;
328;33600,561458470715;
329;33600,561458470715;
330;33600,561458470715;
331;33600,561458470715;
332;33600,561458470715;
333;33600,561458470715;
334;33600,561458470715;
335;33600,561458470715;
336;33600,561458470715;
337;33600,561458470715;
338;33600,561458470715;
339;33600,561458470715;
340;33600,561458470715;
341;33600,561458470715;
342;33600,561458470715;
343;33600,561458470715;
344;33600,561458470715;
345;33600,561458470715;
346;33600,561458470715;
347;33600,561458470715;
348;33600,561458470715;
349;33600,561458470715;
350;33600,561458470715;
351;33600,56145847071;
352;33600,56145847071;
353;33600,56145847071;
354;33600,56145847071;
355;33600,56145847071;
356;33600,56145847071;
357;33600,56145847071;
358;33600,56145847071;
359;33600,56145847071;
360;33600,56145847071;
361;33600,56145847071;
362;33600,56145847071;
363;33600,56145847071;
364;33600,56145847071;
365;33600,56145847071;
366;33600,56145847071;
367;33600,56145847071;
368;33600,56145847071;
369;33600,56145847071;
370;33600,56145847071;
371;33600,56145847071;
372;33600,56145847071;
373;33600,56145847071;
374;33600,56145847071;
375;33600,56145847071;
376;33600,56145847071;
377;33600,56145847071;
378;33600,56145847071;
379;33600,56145847071;
380;33600,56145847071;
381;33600,56145847071;
382;33600,56145847071;
383;33600,56145847071;
384;33600,56145847071;
385;33600,56145847071;
386;33600,56145847071;
387;33600,56145847071;
388;33600,56145847071;
389;33600,56145847071;
390;33600,56145847071;
391;33600,56145847071;
392;33600,56145847071;
393;33600,56145847071;
394;33600,56145847071;
395;33600,56145847071;
396;33600,56145847071;
397;33600,56145847071;
398;33600,56145847071;
399;33600,56145847071;
400;33600,56145847071;
401;33600,56145847071;
402;33600,56145847071;
403;33600,56145847071;
404;33600,56145847071;
405;33600,56145847071;
406;33600,56145847071;
407;33600,56145847071;
408;33600,56145847071;
409;33600,56145847071;
410;33600,56145847071;
411;33600,56145847071;
412;33600,56145847071;
413;33600,56145847071;
414;33600,56145847071;
415;33600,56145847071;
416;33600,56145847071;
417;33600,56145847071;
418;33600,56145847071;
419;33600,56145847071;
420;33600,56145847071;
421;33600,56145847071;
422;33600,56145847071;
423;33600,56145847071;
424;33600,56145847071;
425;33600,56145847071;
426;33600,56145847071;
427;33600,56145847071;
428;33600,56145847071;
429;33600,56145847071;
430;33600,56145847071;
431;33600,56145847071;
432;33600,56145847071;
433;33523,70850743559;
434;33523,70850743559;
435;33523,70850743559;
436;33523,70850743559;
437;33523,70850743559;
438;33523,70850743559;
439;33523,70850743559;
440;33523,70850743559;
441;33523,70850743559;
442;33523,70850743559;
443;33523,70850743559;
444;33523,70850743559;
445;33523,70850743559;
446;33523,70850743559;
447;33523,70850743559;
448;33523,70850743559;
449;33523,70850743559;
450;33523,70850743559;
451;33523,70850743559;
452;33523,70850743559;
453;33523,70850743559;
454;33523,70850743559;
455;33523,70850743559;
456;33523,70850743559;
457;33523,708507435585;
458;33523,708507435585;
459;33523,708507435585;
460;33523,708507435585;
461;33523,708507435585;
462;33523,708507435585;
463;33523,708507435585;
464;33523,708507435585;
465;33523,708507435585;
466;33523,708507435585;
467;33523,708507435585;
468;33523,708507435585;
469;33523,708507435585;
470;33523,708507435585;
471;33523,708507435585;
472;33523,708507435585;
473;33523,708507435585;
474;33523,708507435585;
475;33523,708507435585;
476;33523,708507435585;
477;33523,708507435585;
478;33523,708507435585;
479;33523,708507435585;
480;33523,708507435585;
481;33523,708507435585;
482;33523,708507435585;
483;33523,708507435585;
484;33523,708507435585;
485;33523,708507435585;
486;33523,708507435585;
487;33523,708507435585;
488;33523,708507435585;
489;33523,708507435585;
490;33523,708507435585;
491;33523,708507435585;
492;33523,708507435585;
493;33523,708507435585;
494;33523,708507435585;
495;33523,708507435585;
496;33523,708507435585;
497;33523,708507435585;
498;33523,708507435585;
499;33523,708507435585;
500;33523,708507435585;
501;33523,708507435585;
502;33523,708507435585;
503;33523,708507435585;
504;33523,708507435585;
505;33523,708507435585;
506;33523,708507435585;
507;33523,708507435585;
508;33523,708507435585;
509;33523,708507435585;
510;33523,708507435585;
511;33523,708507435585;
512;33523,708507435585;
513;33523,708507435585;
514;33523,708507435585;
515;33523,708507435585;
516;33523,708507435585;
517;33523,708507435585;
518;33523,708507435585;
519;33523,708507435585;
520;33523,708507435585;
521;33523,708507435585;
522;33523,708507435585;
523;33523,708507435585;
524;33523,708507435585;
525;33523,708507435585;
526;33523,708507435585;
527;33523,708507435585;
528;33523,708507435585;
529;33523,708507435585;
530;33523,708507435585;
531;33523,708507435585;
532;33523,708507435585;
533;33523,708507435585;
534;33523,708507435585;
535;33523,708507435585;
536;33523,708507435585;
537;33523,708507435585;
538;33523,708507435585;
539;33523,708507435585;
540;33523,708507435585;
541;33523,708507435585;
542;33523,708507435585;
543;33523,708507435585;
544;33523,708507435585;
545;33523,708507435585;
546;33523,708507435585;
547;33523,708507435585;
548;33523,708507435585;
549;33523,708507435585;
550;33523,708507435585;
551;33523,708507435585;
552;33523,708507435585;
553;33523,708507435585;
554;33523,708507435585;
555;33523,708507435585;
556;33523,708507435585;
557;33523,708507435585;
558;33523,708507435585;
559;33523,708507435585;
560;33523,708507435585;
561;33523,708507435585;
562;33523,708507435585;
563;33523,708507435585;
564;33523,708507435585;
565;33523,708507435585;
566;33523,708507435585;
567;33523,708507435585;
568;33523,708507435585;
569;33523,708507435585;
570;33523,708507435585;
571;33523,708507435585;
572;33523,708507435585;
573;33523,708507435585;
574;33523,708507435585;
575;33523,708507435585;
576;33523,708507435585;
577;33523,708507435585;
578;33523,708507435585;
579;33523,708507435585;
580;33523,708507435585;
581;33523,708507435585;
582;33523,708507435585;
583;33523,708507435585;
584;33523,708507435585;
585;33523,708507435585;
586;33523,708507435585;
587;33523,708507435585;
588;33523,708507435585;
589;33523,708507435585;
590;33523,708507435585;
591;33523,708507435585;
592;33523,708507435585;
593;33523,708507435585;
594;33523,708507435585;
595;33523,708507435585;
596;33523,708507435585;
597;33523,708507435585;
598;33523,708507435585;
599;33523,708507435585;
600;33523,708507435585;
601;33523,708507435585;
602;33523,708507435585;
603;33523,708507435585;
604;33523,708507435585;
605;33523,708507435585;
606;33523,708507435585;
607;33523,708507435585;
608;33523,708507435585;
609;33523,708507435585;
610;33523,708507435585;
611;33523,708507435585;
612;33523,708507435585;
613;33523,708507435585;
614;33523,708507435585;
615;33523,708507435585;
616;33523,708507435585;
617;33523,708507435585;
618;33523,708507435585;
619;33523,708507435585;
620;33523,708507435585;
621;33523,708507435585;
622;33523,708507435585;
623;33523,708507435585;
624;33523,708507435585;
625;33523,708507435585;
626;33523,708507435585;
627;33523,708507435585;
628;33523,708507435585;
629;33523,708507435585;
630;33523,708507435585;
631;33523,708507435585;
632;33523,708507435585;
633;33523,708507435585;
634;33523,708507435585;
635;33523,708507435585;
636;33523,708507435585;
637;33523,708507435585;
638;33523,708507435585;
639;33523,708507435585;
640;33523,708507435585;
641;33523,708507435585;
642;33523,708507435585;
643;33523,708507435585;
644;33523,708507435585;
645;33523,708507435585;
646;33523,708507435585;
647;33523,708507435585;
648;33523,708507435585;
649;33523,708507435585;
650;33523,708507435585;
651;33523,708507435585;
652;33523,708507435585;
653;33523,708507435585;
654;33523,708507435585;
655;33523,708507435585;
656;33523,708507435585;
657;33523,708507435585;
658;33523,708507435585;
659;33523,708507435585;
660;33523,708507435585;
661;33523,708507435585;
662;33523,708507435585;
663;33523,708507435585;
664;33523,708507435585;
665;33523,708507435585;
666;33523,708507435585;
667;33523,708507435585;
668;33523,708507435585;
669;33523,708507435585;
670;33523,708507435585;
671;33523,708507435585;
672;33523,708507435585;
673;33523,708507435585;
674;33523,708507435585;
675;33523,708507435585;
676;33523,708507435585;
677;33523,708507435585;
678;33523,708507435585;
679;33523,708507435585;
680;33523,708507435585;
681;33523,708507435585;
682;33523,708507435585;
683;33523,708507435585;
684;33523,708507435585;
685;33523,708507435585;
686;33523,708507435585;
687;33523,708507435585;
688;33523,708507435585;
689;33523,708507435585;
690;33523,708507435585;
691;33523,708507435585;
692;33523,708507435585;
693;33523,708507435585;
694;33523,708507435585;
695;33523,708507435585;
696;33523,708507435585;
697;33523,708507435585;
698;33523,708507435585;
699;33523,708507435585;
700;33523,708507435585;
701;33523,708507435585;
702;33523,708507435585;
703;33523,708507435585;
704;33523,708507435585;
705;33523,708507435585;
706;33523,708507435585;
707;33523,708507435585;
708;33523,708507435585;
709;33523,708507435585;
710;33523,708507435585;
711;33523,708507435585;
712;33523,708507435585;
713;33523,708507435585;
714;33523,708507435585;
715;33523,708507435585;
716;33523,708507435585;
717;33523,708507435585;
718;33523,708507435585;
719;33523,708507435585;
720;33523,708507435585;
721;33523,708507435585;
722;33523,708507435585;
723;33523,708507435585;
724;33523,708507435585;
725;33523,708507435585;
726;33523,708507435585;
727;33523,708507435585;
728;33523,708507435585;
729;33523,708507435585;
730;33523,708507435585;
731;33523,708507435585;
732;33523,708507435585;
733;33523,708507435585;
734;33523,708507435585;
735;33523,708507435585;
736;33523,708507435585;
737;33523,708507435585;
738;33523,708507435585;
739;33523,708507435585;
740;33523,708507435585;
741;33523,708507435585;
742;33523,708507435585;
743;33523,708507435585;
744;33523,708507435585;
745;33523,708507435585;
746;33523,708507435585;
747;33523,708507435585;
748;33523,708507435585;
749;33523,708507435585;
750;33523,708507435585;
751;33523,708507435585;
752;33523,708507435585;
753;33523,708507435585;
754;33523,708507435585;
755;33523,708507435585;
756;33523,708507435585;
757;33523,708507435585;
758;33523,708507435585;
759;33523,708507435585;
760;33523,708507435585;
761;33523,708507435585;
762;33523,708507435585;
763;33523,708507435585;
764;33523,708507435585;
765;33523,708507435585;
766;33523,708507435585;
767;33523,708507435585;
768;33523,708507435585;
769;33523,708507435585;
770;33523,708507435585;
771;33523,708507435585;
772;33523,708507435585;
773;33523,708507435585;
774;33523,708507435585;
775;33523,708507435585;
776;33523,708507435585;
777;33523,708507435585;
778;33523,708507435585;
779;33523,708507435585;
780;33523,708507435585;
781;33523,708507435585;
782;33523,708507435585;
783;33523,708507435585;
784;33523,708507435585;
785;33523,708507435585;
786;33523,708507435585;
787;33523,708507435585;
788;33523,708507435585;
789;33523,708507435585;
790;33523,708507435585;
791;33523,708507435585;
792;33523,708507435585;
793;33523,708507435585;
794;33523,708507435585;
795;33523,708507435585;
796;33523,708507435585;
797;33523,708507435585;
798;33523,708507435585;
799;33523,708507435585;
800;33523,708507435585;
801;33523,708507435585;
802;33523,708507435585;
803;33523,708507435585;
804;33523,708507435585;
805;33523,708507435585;
806;33523,708507435585;
807;33523,708507435585;
808;33523,708507435585;
809;33523,708507435585;
810;33523,708507435585;
811;33523,708507435585;
812;33523,708507435585;
813;33523,708507435585;
814;33523,708507435585;
815;33523,708507435585;
816;33523,708507435585;
817;33523,708507435585;
818;33523,708507435585;
819;33523,708507435585;
820;33523,708507435585;
821;33523,708507435585;
822;33523,708507435585;
823;33523,708507435585;
824;33523,708507435585;
825;33523,708507435585;
826;33523,708507435585;
827;33523,708507435585;
828;33523,708507435585;
829;33523,708507435585;
830;33523,708507435585;
831;33523,708507435585;
832;33523,708507435585;
833;33523,708507435585;
834;33523,708507435585;
835;33523,708507435585;
836;33523,708507435585;
837;33523,708507435585;
838;33523,708507435585;
839;33523,708507435585;
840;33523,708507435585;
841;33523,708507435585;
842;33523,708507435585;
843;33523,708507435585;
844;33523,708507435585;
845;33523,708507435585;
846;33523,708507435585;
847;33523,708507435585;
848;33523,708507435585;
849;33523,708507435585;
850;33523,708507435585;
851;33523,708507435585;
852;33523,708507435585;
853;33523,708507435585;
854;33523,708507435585;
855;33523,708507435585;
856;33523,708507435585;
857;33523,708507435585;
858;33523,708507435585;
859;33523,708507435585;
860;33523,708507435585;
861;33523,708507435585;
862;33523,708507435585;
863;33523,708507435585;
864;33523,708507435585;
865;33523,708507435585;
866;33523,708507435585;
867;33523,708507435585;
868;33523,708507435585;
869;33523,708507435585;
870;33523,708507435585;
871;33523,708507435585;
872;33523,708507435585;
873;33523,708507435585;
874;33523,708507435585;
875;33523,708507435585;
876;33523,708507435585;
877;33523,708507435585;
878;33523,708507435585;
879;33523,708507435585;
880;33523,708507435585;
881;33523,708507435585;
882;33523,708507435585;
883;33523,708507435585;
884;33523,708507435585;
885;33523,708507435585;
886;33523,708507435585;
887;33523,708507435585;
888;33523,708507435585;
889;33523,708507435585;
890;33523,708507435585;
891;33523,708507435585;
892;33523,708507435585;
893;33523,708507435585;
894;33523,708507435585;
895;33523,708507435585;
896;33523,708507435585;
897;33523,708507435585;
898;33523,708507435585;
899;33523,708507435585;
900;33523,708507435585;
901;33523,708507435585;
902;33523,708507435585;
903;33523,708507435585;
904;33523,708507435585;
905;33523,708507435585;
906;33523,708507435585;
907;33523,708507435585;
908;33523,708507435585;
909;33523,708507435585;
910;33523,708507435585;
911;33523,708507435585;
912;33523,708507435585;
913;33523,708507435585;
914;33523,708507435585;
915;33523,708507435585;
916;33523,708507435585;
917;33523,708507435585;
918;33523,708507435585;
919;33523,708507435585;
920;33523,708507435585;
921;33523,708507435585;
922;33523,708507435585;
923;33523,708507435585;
924;33523,708507435585;
925;33523,708507435585;
926;33523,708507435585;
927;33523,708507435585;
928;33523,708507435585;
929;33523,708507435585;
930;33523,708507435585;
931;33523,708507435585;
932;33523,708507435585;
933;33523,708507435585;
934;33523,708507435585;
935;33523,708507435585;
936;33523,708507435585;
937;33523,708507435585;
938;33523,708507435585;
939;33523,708507435585;
940;33523,708507435585;
941;33523,708507435585;
942;33523,708507435585;
943;33523,708507435585;
944;33523,708507435585;
945;33523,708507435585;
946;33523,708507435585;
947;33523,708507435585;
948;33523,708507435585;
949;33523,708507435585;
950;33523,708507435585;
951;33523,708507435585;
952;33523,708507435585;
953;33523,708507435585;
954;33523,708507435585;
955;33523,708507435585;
956;33523,708507435585;
957;33523,708507435585;
958;33523,708507435585;
959;33523,708507435585;
960;33523,708507435585;
961;33523,708507435585;
962;33523,708507435585;
963;33523,708507435585;
964;33523,708507435585;
965;33523,708507435585;
966;33523,708507435585;
967;33523,708507435585;
968;33523,708507435585;
969;33523,708507435585;
970;33523,708507435585;
971;33523,708507435585;
972;33523,708507435585;
973;33523,708507435585;
974;33523,708507435585;
975;33523,708507435585;
976;33523,708507435585;
977;33523,708507435585;
978;33523,708507435585;
979;33523,708507435585;
980;33523,708507435585;
981;33523,708507435585;
982;33523,708507435585;
983;33523,708507435585;
984;33523,708507435585;
985;33523,708507435585;
986;33523,708507435585;
987;33523,708507435585;
988;33523,708507435585;
989;33523,708507435585;
990;33523,708507435585;
991;33523,708507435585;
992;33523,708507435585;
993;33523,708507435585;
994;33523,708507435585;
995;33523,708507435585;
996;33523,708507435585;
997;33523,708507435585;
998;33523,708507435585;
999;33523,708507435585;
0;39236,88489845504;
0;39236,88489845504;
0;39236,884898455035;
0;39236,884898455035;
0;39236,88489845504;
0;39236,88489845504;
0;39236,884898455035;
0;39236,88489845504;
0;39236,884898455035;
0;39236,884898455035;
0;39236,88489845504;
0;39236,884898455035;
0;39236,884898455035;
0;39236,88489845504;
0;39236,884898455035;
0;39246,40758548071;
0;39236,884898455035;
0;39236,88489845504;
0;18809,61534645011;
1;18809,61534645011;
2;18377,71402811489;
3;18377,71402811489;
0;39236,884898455035;
0;22679,86185060614;
1;22195,723757646378;
2;22195,723757646378;
0;39236,884898455035;
0;24260,227125921763;
0;39236,88489845504;
0;27927,05020708812;
1;23131,720509585473;
2;21033,953527507125;
0;39236,884898455035;
0;27553,907846521077;
1;24744,046580029048;
2;24431,2750272071;
3;23700,135311413054;
0;39236,884898455035;
0;20825,314443949283;
0;39236,88489845504;
0;34413,652037319116;
1;33960,83284038077;
2;33960,83284038077;
3;33600,561458470715;
4;33600,561458470715;
5;33600,561458470715;
6;33600,561458470715;
7;33600,561458470715;
8;33600,561458470715;
9;33600,561458470715;
10;33600,561458470715;
11;33600,561458470715;
12;33600,561458470715;
13;33600,561458470715;
14;33600,561458470715;
15;33600,561458470715;
16;33600,561458470715;
17;33600,561458470715;
18;33600,561458470715;
19;33600,561458470715;
20;33600,561458470715;
21;33600,561458470715;
22;33600,561458470715;
23;33600,561458470715;
24;33600,561458470715;
25;33600,561458470715;
26;33600,561458470715;
27;33600,561458470715;
28;33600,561458470715;
29;33600,561458470715;
30;33600,561458470715;
31;33600,561458470715;
32;33600,561458470715;
33;33600,561458470715;
34;33600,561458470715;
35;33600,561458470715;
36;33600,561458470715;
37;33600,561458470715;
38;33600,561458470715;
39;33600,561458470715;
40;33600,561458470715;
41;33600,561458470715;
42;33600,561458470715;
43;33600,561458470715;
44;33600,561458470715;
45;33600,561458470715;
46;33600,561458470715;
47;33600,561458470715;
48;33600,561458470715;
49;33600,561458470715;
50;33600,561458470715;
51;33600,561458470715;
52;33600,561458470715;
53;33600,561458470715;
54;33600,561458470715;
55;33600,561458470715;
56;33600,561458470715;
57;33600,561458470715;
58;33600,561458470715;
59;33600,561458470715;
60;33600,561458470715;
61;33600,561458470715;
62;33600,561458470715;
63;33600,561458470715;
64;33600,561458470715;
65;33600,561458470715;
66;33600,561458470715;
67;33600,561458470715;
68;33600,561458470715;
69;33600,561458470715;
70;33600,561458470715;
71;33600,561458470715;
72;33600,561458470715;
73;33600,561458470715;
74;33600,561458470715;
75;33600,561458470715;
76;33600,561458470715;
77;33600,561458470715;
78;33600,561458470715;
79;33600,561458470715;
80;33600,561458470715;
81;33600,561458470715;
82;33600,561458470715;
83;33600,561458470715;
84;33600,561458470715;
85;33600,561458470715;
86;33600,561458470715;
87;33600,561458470715;
88;33600,561458470715;
89;33600,561458470715;
90;33600,561458470715;
91;33600,561458470715;
92;33600,561458470715;
93;33600,561458470715;
94;33600,561458470715;
95;33600,561458470715;
96;33600,561458470715;
97;33600,561458470715;
98;33600,561458470715;
99;33600,561458470715;
0;39236,884898455035;
0;34182,82314928451;
1;34174,48638109649;
2;34174,48638109649;
3;34174,48638109649;
4;34130,35744523166;
5;34130,35744523166;
6;34130,35744523166;
7;34130,35744523166;
8;34130,35744523166;
9;33732,829710922146;
10;33732,829710922146;
11;33732,829710922146;
12;33732,829710922146;
13;33732,829710922146;
14;33732,829710922146;
15;33732,829710922146;
16;33716,600431037084;
17;33716,600431037084;
18;33716,600431037084;
19;33716,600431037084;
20;33716,600431037084;
21;33716,600431037084;
22;33716,600431037084;
23;33716,600431037084;
24;33716,600431037084;
25;33716,600431037084;
26;33716,600431037084;
27;33716,600431037084;
28;33716,600431037084;
29;33716,600431037084;
30;33716,600431037084;
31;33716,600431037084;
32;33716,600431037084;
33;33716,600431037084;
34;33716,600431037084;
35;33716,600431037084;
36;33716,600431037084;
37;33716,600431037084;
38;33716,600431037084;
39;33716,600431037084;
40;33716,600431037084;
41;33716,600431037084;
42;33716,600431037084;
43;33716,600431037084;
44;33716,600431037084;
45;33716,600431037084;
46;33716,600431037084;
47;33716,600431037084;
48;33716,600431037084;
49;33716,600431037084;
50;33716,600431037084;
51;33716,600431037084;
52;33716,600431037084;
53;33716,600431037084;
54;33701,261761272595;
55;33701,261761272595;
56;33701,261761272595;
57;33701,261761272595;
58;33701,261761272595;
59;33701,261761272595;
60;33701,261761272595;
61;33701,261761272595;
62;33701,261761272595;
63;33701,261761272595;
64;33701,261761272595;
65;33701,261761272595;
66;33701,261761272595;
67;33701,261761272595;
68;33701,261761272595;
69;33701,261761272595;
70;33701,261761272595;
71;33701,261761272595;
72;33701,261761272595;
73;33701,261761272595;
74;33701,261761272595;
75;33701,261761272595;
76;33701,261761272595;
77;33701,261761272595;
78;33701,261761272595;
79;33701,261761272595;
80;33701,261761272595;
81;33701,261761272595;
82;33701,261761272595;
83;33701,261761272595;
84;33701,261761272595;
85;33701,261761272595;
86;33701,261761272595;
87;33701,261761272595;
88;33701,261761272595;
89;33701,261761272595;
90;33701,261761272595;
91;33701,261761272595;
92;33701,261761272595;
93;33701,261761272595;
94;33701,261761272595;
95;33701,261761272595;
96;33701,261761272595;
97;33701,261761272595;
98;33701,261761272595;
99;33701,261761272595;
0;39236,884898455035;
0;34174,48638109649;
1;34174,48638109649;
2;34174,48638109649;
3;34174,48638109649;
4;33956,596246330126;
5;33956,596246330126;
6;33956,596246330126;
7;33956,596246330126;
8;33956,596246330126;
9;33956,596246330126;
10;33956,596246330126;
11;33956,596246330126;
12;33956,596246330126;
13;33857,69647148734;
14;33857,69647148734;
15;33857,69647148734;
16;33826,12852183779;
17;33826,12852183779;
18;33826,12852183779;
19;33826,12852183779;
20;33826,12852183779;
21;33826,12852183779;
22;33826,12852183779;
23;33826,12852183779;
24;33826,12852183779;
25;33826,12852183779;
26;33826,12852183779;
27;33826,12852183779;
28;33826,12852183779;
29;33826,12852183779;
30;33826,12852183779;
31;33826,12852183779;
32;33826,12852183779;
33;33826,12852183779;
34;33826,12852183779;
35;33826,12852183779;
36;33826,12852183779;
37;33826,12852183779;
38;33826,12852183779;
39;33826,12852183779;
40;33826,12852183779;
41;33826,12852183779;
42;33826,12852183779;
43;33826,12852183779;
44;33826,12852183779;
45;33826,12852183779;
46;33826,12852183779;
47;33826,12852183779;
48;33826,12852183779;
49;33826,12852183779;
50;33826,12852183779;
51;33826,12852183779;
52;33826,12852183779;
53;33826,12852183779;
54;33826,12852183779;
55;33826,12852183779;
56;33826,12852183779;
57;33826,12852183779;
58;33826,12852183779;
59;33826,12852183779;
60;33826,12852183779;
61;33826,12852183779;
62;33826,12852183779;
63;33826,12852183779;
64;33826,12852183779;
65;33826,12852183779;
66;33826,12852183779;
67;33826,12852183779;
68;33826,12852183779;
69;33826,12852183779;
70;33826,12852183779;
71;33826,12852183779;
72;33826,12852183779;
73;33826,12852183779;
74;33826,12852183779;
75;33826,12852183779;
76;33826,12852183779;
77;33600,56145847071;
78;33600,56145847071;
79;33600,56145847071;
80;33600,56145847071;
81;33600,56145847071;
82;33600,56145847071;
83;33600,56145847071;
84;33600,56145847071;
85;33600,56145847071;
86;33600,56145847071;
87;33600,56145847071;
88;33600,56145847071;
89;33600,56145847071;
90;33600,56145847071;
91;33600,56145847071;
92;33600,56145847071;
93;33600,56145847071;
94;33600,56145847071;
95;33600,56145847071;
96;33600,56145847071;
97;33600,56145847071;
98;33600,56145847071;
99;33600,56145847071;
0;39236,88489845504;
0;34131,17353891491;
1;34131,17353891491;
2;34131,17353891491;
3;33750,22753627401;
4;33750,22753627401;
5;33750,22753627401;
6;33750,22753627401;
7;33750,22753627401;
8;33750,22753627401;
9;33750,22753627401;
10;33750,22753627401;
11;33750,22753627401;
12;33750,22753627401;
13;33750,22753627401;
14;33750,22753627401;
15;33750,22753627401;
16;33732,829710922146;
17;33732,829710922146;
18;33732,829710922146;
19;33732,829710922146;
20;33732,829710922146;
21;33732,829710922146;
22;33732,829710922146;
23;33732,829710922146;
24;33732,829710922146;
25;33732,829710922146;
26;33732,829710922146;
27;33659,38072289019;
28;33659,38072289019;
29;33659,38072289019;
30;33659,38072289019;
31;33659,38072289019;
32;33659,38072289019;
33;33659,38072289019;
34;33659,38072289019;
35;33659,38072289019;
36;33659,38072289019;
37;33659,38072289019;
38;33659,38072289019;
39;33659,38072289019;
40;33659,38072289019;
41;33659,38072289019;
42;33659,38072289019;
43;33659,38072289019;
44;33659,38072289019;
45;33659,38072289019;
46;33659,38072289019;
47;33659,38072289019;
48;33659,38072289019;
49;33659,38072289019;
50;33659,38072289019;
51;33659,38072289019;
52;33659,38072289019;
53;33659,38072289019;
54;33659,38072289019;
55;33659,38072289019;
56;33659,38072289019;
57;33659,38072289019;
58;33659,38072289019;
59;33659,38072289019;
60;33659,38072289019;
61;33659,38072289019;
62;33659,38072289019;
63;33659,38072289019;
64;33659,38072289019;
65;33659,38072289019;
66;33659,38072289019;
67;33659,38072289019;
68;33659,38072289019;
69;33659,38072289019;
70;33659,38072289019;
71;33659,38072289019;
72;33659,38072289019;
73;33659,38072289019;
74;33659,38072289019;
75;33659,38072289019;
76;33659,38072289019;
77;33659,38072289019;
78;33659,38072289019;
79;33659,38072289019;
80;33659,38072289019;
81;33659,38072289019;
82;33659,38072289019;
83;33659,38072289019;
84;33659,38072289019;
85;33659,38072289019;
86;33659,38072289019;
87;33659,38072289019;
88;33659,38072289019;
89;33659,38072289019;
90;33659,38072289019;
91;33659,38072289019;
92;33659,38072289019;
93;33659,38072289019;
94;33659,38072289019;
95;33659,38072289019;
96;33659,38072289019;
97;33659,38072289019;
98;33659,38072289019;
99;33659,38072289019;
0;39236,884898455035;
0;34266,40792437253;
1;33755,352041590144;
2;33755,352041590144;
3;33755,352041590144;
4;33732,82971092215;
5;33732,82971092215;
6;33732,82971092215;
7;33732,82971092215;
8;33732,82971092215;
9;33732,82971092215;
10;33732,82971092215;
11;33732,82971092215;
12;33732,82971092215;
13;33732,82971092215;
14;33732,82971092215;
15;33732,82971092215;
16;33732,82971092215;
17;33732,82971092215;
18;33732,829710922146;
19;33732,829710922146;
20;33732,829710922146;
21;33732,829710922146;
22;33732,829710922146;
23;33732,829710922146;
24;33732,829710922146;
25;33732,829710922146;
26;33732,829710922146;
27;33732,829710922146;
28;33732,829710922146;
29;33732,829710922146;
30;33732,829710922146;
31;33732,829710922146;
32;33732,829710922146;
33;33732,829710922146;
34;33732,829710922146;
35;33732,829710922146;
36;33732,829710922146;
37;33716,60043103708;
38;33716,60043103708;
39;33627,81277324063;
40;33627,81277324063;
41;33627,81277324063;
42;33627,81277324063;
43;33627,81277324063;
44;33627,81277324063;
45;33627,81277324063;
46;33627,81277324063;
47;33627,81277324063;
48;33627,81277324063;
49;33627,81277324063;
50;33627,81277324063;
51;33627,81277324063;
52;33627,81277324063;
53;33627,81277324063;
54;33627,81277324063;
55;33627,81277324063;
56;33627,81277324063;
57;33627,81277324063;
58;33627,81277324063;
59;33627,81277324063;
60;33627,81277324063;
61;33627,81277324063;
62;33627,81277324063;
63;33627,81277324063;
64;33627,81277324063;
65;33627,81277324063;
66;33627,81277324063;
67;33627,81277324063;
68;33627,81277324063;
69;33627,81277324063;
70;33627,81277324063;
71;33627,81277324063;
72;33627,81277324063;
73;33627,81277324063;
74;33627,81277324063;
75;33627,81277324063;
76;33627,81277324063;
77;33627,81277324063;
78;33627,81277324063;
79;33627,81277324063;
80;33627,81277324063;
81;33627,81277324063;
82;33627,81277324063;
83;33627,81277324063;
84;33627,81277324063;
85;33627,81277324063;
86;33627,81277324063;
87;33627,81277324063;
88;33627,81277324063;
89;33627,81277324063;
90;33627,81277324063;
91;33627,81277324063;
92;33627,81277324063;
93;33627,81277324063;
94;33600,56145847071;
95;33600,56145847071;
96;33600,56145847071;
97;33600,56145847071;
98;33600,56145847071;
99;33600,56145847071;
0;39236,884898455035;
0;34488,45313395607;
1;34174,48638109649;
2;34174,48638109649;
3;34174,48638109649;
4;34174,48638109649;
5;33632,12940812027;
6;33632,12940812027;
7;33632,12940812027;
8;33632,12940812027;
9;33632,12940812027;
10;33632,12940812027;
11;33632,12940812027;
12;33632,12940812027;
13;33632,12940812027;
14;33632,12940812027;
15;33632,12940812027;
16;33632,12940812027;
0;39236,88489845504;
0;33956,596246330126;
1;33956,596246330126;
2;33956,596246330126;
3;33956,596246330126;
4;33956,596246330126;
5;33632,12940812027;
6;33632,12940812027;
7;33632,12940812027;
8;33632,12940812027;
9;33632,12940812027;
10;33632,12940812027;
11;33632,12940812027;
12;33632,12940812027;
13;33632,12940812027;
14;33632,12940812027;
15;33632,12940812027;
16;33632,12940812027;
17;33632,12940812027;
18;33632,12940812027;
19;33632,12940812027;
20;33632,12940812027;
21;33632,12940812027;
22;33632,12940812027;
23;33632,12940812027;
24;33632,12940812027;
25;33632,12940812027;
26;33632,12940812027;
27;33632,12940812027;
28;33632,12940812025;
29;33632,12940812025;
30;33632,12940812025;
31;33632,12940812025;
32;33632,12940812025;
33;33632,12940812025;
34;33632,12940812025;
35;33632,12940812025;
36;33632,12940812025;
37;33632,12940812025;
38;33632,12940812025;
39;33632,12940812025;
40;33632,12940812025;
41;33632,12940812025;
42;33632,12940812025;
43;33632,12940812025;
44;33632,12940812025;
45;33632,12940812025;
46;33632,12940812025;
47;33632,12940812025;
48;33632,12940812025;
49;33632,12940812025;
50;33632,12940812025;
51;33632,12940812025;
52;33632,12940812025;
53;33632,12940812025;
54;33632,12940812025;
55;33632,12940812025;
56;33632,12940812025;
57;33632,12940812025;
58;33632,12940812025;
59;33632,12940812025;
60;33600,561458470715;
61;33600,561458470715;
62;33600,561458470715;
63;33600,561458470715;
64;33600,561458470715;
65;33600,561458470715;
66;33600,561458470715;
67;33600,561458470715;
68;33600,561458470715;
69;33600,561458470715;
70;33600,561458470715;
71;33600,561458470715;
72;33600,561458470715;
73;33600,561458470715;
74;33600,561458470715;
75;33600,561458470715;
76;33600,561458470715;
77;33600,561458470715;
78;33600,561458470715;
79;33600,561458470715;
80;33600,561458470715;
81;33600,561458470715;
82;33600,561458470715;
83;33600,561458470715;
84;33600,561458470715;
85;33600,561458470715;
86;33600,561458470715;
87;33600,561458470715;
88;33600,561458470715;
89;33600,561458470715;
90;33600,561458470715;
91;33600,561458470715;
92;33600,561458470715;
93;33600,561458470715;
94;33600,561458470715;
95;33600,561458470715;
96;33600,561458470715;
97;33600,561458470715;
98;33600,561458470715;
99;33600,561458470715;
0;39236,88489845504;
0;34288,753533204996;
1;34288,753533204996;
2;34288,753533204996;
3;34288,753533204996;
4;34288,753533204996;
5;34195,76840565941;
6;34051,76420024576;
7;34051,76420024576;
8;34051,76420024576;
9;34051,76420024576;
10;34051,76420024576;
11;34051,76420024576;
12;34051,76420024576;
13;34051,76420024576;
14;34051,76420024576;
15;34051,76420024576;
16;34051,76420024576;
17;34051,76420024576;
18;34051,76420024576;
19;34051,76420024576;
20;34034,213623037846;
21;33956,596246330126;
22;33956,596246330126;
23;33915,18216144402;
24;33523,708507435585;
25;33523,708507435585;
26;33523,708507435585;
27;33523,708507435585;
28;33523,708507435585;
29;33523,708507435585;
30;33523,708507435585;
31;33523,708507435585;
32;33523,708507435585;
33;33523,708507435585;
34;33523,708507435585;
35;33523,708507435585;
36;33523,708507435585;
37;33523,708507435585;
38;33523,708507435585;
39;33523,708507435585;
40;33523,708507435585;
41;33523,708507435585;
42;33523,708507435585;
43;33523,708507435585;
44;33523,708507435585;
45;33523,708507435585;
46;33523,708507435585;
47;33523,708507435585;
48;33523,708507435585;
49;33523,708507435585;
50;33523,708507435585;
51;33523,708507435585;
52;33523,708507435585;
53;33523,708507435585;
54;33523,708507435585;
55;33523,708507435585;
56;33523,708507435585;
57;33523,708507435585;
58;33523,708507435585;
59;33523,708507435585;
60;33523,708507435585;
61;33523,708507435585;
62;33523,708507435585;
63;33523,708507435585;
64;33523,708507435585;
65;33523,708507435585;
66;33523,708507435585;
67;33523,708507435585;
68;33523,708507435585;
69;33523,708507435585;
70;33523,708507435585;
71;33523,708507435585;
72;33523,708507435585;
73;33523,708507435585;
74;33523,708507435585;
75;33523,708507435585;
76;33523,708507435585;
77;33523,708507435585;
78;33523,708507435585;
79;33523,708507435585;
80;33523,708507435585;
81;33523,708507435585;
82;33523,708507435585;
83;33523,708507435585;
84;33523,708507435585;
85;33523,708507435585;
86;33523,708507435585;
87;33523,708507435585;
88;33523,708507435585;
89;33523,708507435585;
90;33523,708507435585;
91;33523,708507435585;
92;33523,708507435585;
93;33523,708507435585;
94;33523,708507435585;
95;33523,708507435585;
96;33523,708507435585;
97;33523,708507435585;
98;33523,708507435585;
99;33523,708507435585;
